{
  "seeds": [
    42,
    123,
    456,
    789,
    1011,
    2024,
    3141,
    5000,
    7777,
    9999,
    1234,
    8888,
    34115,
    27182,
    11235
  ],
  "energy_saving_vs_rssi_epb_mean": 15.264531956809739,
  "energy_saving_vs_rssi_epb_std": 1.0701820609429025,
  "energy_saving_vs_rssi_total_j_mean": 9.093714024569648,
  "energy_saving_vs_rssi_total_j_std": 0.5511551481190784,
  "handoff_reduction_mean": 20.519982435725122,
  "handoff_reduction_std": 0.5449137985828011,
  "ttest_total_energy": {
    "t": 59.551258725865196,
    "p": 1.5250747433515068e-18
  },
  "ttest_avg_epb": {
    "t": 50.19239710745358,
    "p": 1.6529808147544623e-17
  },
  "per_seed_ea_total_energy_j": [
    21386.309491699303,
    21455.75961950084,
    21200.40599759992,
    21434.297216906496,
    21283.912770848117,
    21274.024875868592,
    21171.94546785453,
    21486.738349480016,
    21302.414889014548,
    21239.41353187246,
    21055.525053463716,
    21135.94718346019,
    21296.46991167961,
    21316.192968773466,
    21162.938132025374
  ],
  "per_seed_rssi_total_energy_j": [
    23469.99486630334,
    23475.256654867073,
    23582.96890938076,
    23402.780351348185,
    23376.015513521892,
    23353.376267446998,
    23463.351024896376,
    23388.194147068072,
    23270.06367434035,
    23501.91965180997,
    23286.617818376602,
    23287.127335336972,
    23588.2665527921,
    23425.34712774414,
    23266.310719045985
  ],
  "per_seed_ea_avg_epb_j_per_bit": [
    3.703532996206517e-08,
    3.7213667931111464e-08,
    3.66864033208292e-08,
    3.65444312030406e-08,
    3.686587574814393e-08,
    3.686020144656937e-08,
    3.6222027187147255e-08,
    3.658120060038136e-08,
    3.6670234136139475e-08,
    3.6801516812795696e-08,
    3.6163242877860535e-08,
    3.6284207022120794e-08,
    3.6149268034820374e-08,
    3.6034716776559303e-08,
    3.605105944216358e-08
  ],
  "per_seed_rssi_avg_epb_j_per_bit": [
    4.2498225845489134e-08,
    4.3424082221948287e-08,
    4.3479422416428426e-08,
    4.3255427898168094e-08,
    4.3459119357146566e-08,
    4.2626122327729984e-08,
    4.308995304356334e-08,
    4.305949113727575e-08,
    4.269387314934828e-08,
    4.35691356444869e-08,
    4.329713143971648e-08,
    4.346923920356102e-08,
    4.320637788557041e-08,
    4.287638556713734e-08,
    4.294566962036962e-08
  ],
  "per_seed_energy_saving_vs_rssi_epb_percent": [
    12.854409271778591,
    14.301774437267964,
    15.6235265283389,
    15.514808247710594,
    15.171139467460051,
    13.526730948758278,
    15.938578186596555,
    15.044976997617745,
    14.108907365085841,
    15.533057361783023,
    16.476584763562478,
    16.529003757792076,
    16.333491017091006,
    15.956729328000641,
    16.05426167330233
  ],
  "per_seed_energy_saving_vs_rssi_total_j_percent": [
    8.878081935994171,
    8.602662220297958,
    10.102896378043027,
    8.411321667291933,
    8.949783342946512,
    8.903857702480815,
    9.765892155005876,
    8.129981244517852,
    8.455708642926945,
    9.626899221244118,
    9.581008209583027,
    9.237636402719717,
    9.715833234219641,
    9.003726380099895,
    9.040421631173237
  ],
  "per_seed_handoff_reduction_percent": [
    21.077199281867145,
    20.3584229390681,
    21.03386809269162,
    19.978517722878625,
    19.56989247311828,
    20.55974165769645,
    21.351931330472105,
    20.68100358422939,
    21.10912343470483,
    20.20743919885551,
    20.985010706638114,
    20.251346499102336,
    20.714285714285715,
    20.481494789795185,
    19.44045911047346
  ]
}