{
  "scenario": "scaling_scenario",
  "bs_coverage_radius": 500,
  "num_base_stations": 16,
  "vehicle_counts": [
    20,
    50,
    100,
    200
  ],
  "seeds": [
    42,
    123,
    456
  ],
  "rows": [
    {
      "num_vehicles": 20,
      "energy_saving_percent_mean": 55.58186151074278,
      "energy_saving_percent_std": 0.16464901572957438,
      "per_seed_energy_saving_percent": [
        55.696972362590294,
        55.349017561488836,
        55.69959460814924
      ]
    },
    {
      "num_vehicles": 50,
      "energy_saving_percent_mean": 55.73510262906242,
      "energy_saving_percent_std": 0.18525601264291133,
      "per_seed_energy_saving_percent": [
        55.68788565798059,
        55.5355349430215,
        55.98188728618515
      ]
    },
    {
      "num_vehicles": 100,
      "energy_saving_percent_mean": 55.77947896590562,
      "energy_saving_percent_std": 0.26462286418842046,
      "per_seed_energy_saving_percent": [
        55.94003807231841,
        55.406447862083574,
        55.991950963314885
      ]
    },
    {
      "num_vehicles": 200,
      "energy_saving_percent_mean": 55.81816744399773,
      "energy_saving_percent_std": 0.11065504318759185,
      "per_seed_energy_saving_percent": [
        55.7902457700235,
        55.96547779529265,
        55.69877876667702
      ]
    }
  ]
}