{
  "scenario": "scaling_scenario",
  "bs_coverage_radius": 500,
  "num_base_stations": 16,
  "vehicle_counts": [
    20,
    50,
    100,
    200
  ],
  "seeds": [
    42,
    123,
    456
  ],
  "rows": [
    {
      "num_vehicles": 20,
      "energy_saving_percent_mean": 55.58186151074278,
      "energy_saving_percent_std": 0.16464901572957438,
      "per_seed_energy_saving_percent": [
        55.696972362590294,
        55.349017561488836,
        55.69959460814924
      ]
    },
    {
      "num_vehicles": 50,
      "energy_saving_percent_mean": 55.73906606118579,
      "energy_saving_percent_std": 0.19054510301746874,
      "per_seed_energy_saving_percent": [
        55.68788565798059,
        55.5355349430215,
        55.99377758255528
      ]
    },
    {
      "num_vehicles": 100,
      "energy_saving_percent_mean": 56.59890411070959,
      "energy_saving_percent_std": 0.22340741994255645,
      "per_seed_energy_saving_percent": [
        56.80294133068412,
        56.28797661489675,
        56.7057943865479
      ]
    },
    {
      "num_vehicles": 200,
      "energy_saving_percent_mean": 0.0,
      "energy_saving_percent_std": 0.0,
      "per_seed_energy_saving_percent": [
        0.0,
        0.0,
        0.0
      ]
    }
  ]
}