{
  "scenario": "scaling_scenario",
  "bs_coverage_radius": 500,
  "num_base_stations": 16,
  "vehicle_counts": [
    20,
    50,
    100,
    200
  ],
  "seeds": [
    42,
    123,
    456,
    789,
    1011,
    2024,
    3141
  ],
  "rows": [
    {
      "num_vehicles": 20,
      "energy_saving_percent_mean": 23.349463357800307,
      "energy_saving_percent_std": 0.9734167474065588,
      "per_seed_energy_saving_percent": [
        23.997966275669828,
        24.819156051005795,
        23.189122601592686,
        23.049071742994087,
        24.08053443489437,
        22.679253071016827,
        21.63113932742854
      ]
    },
    {
      "num_vehicles": 50,
      "energy_saving_percent_mean": 23.15319488474562,
      "energy_saving_percent_std": 0.1722144614765332,
      "per_seed_energy_saving_percent": [
        23.033993044294377,
        23.173722204233748,
        23.170980322869188,
        22.876298380670185,
        23.163599577247137,
        23.493530612823115,
        23.16024005108156
      ]
    },
    {
      "num_vehicles": 100,
      "energy_saving_percent_mean": 23.15796470393736,
      "energy_saving_percent_std": 0.19855635850845435,
      "per_seed_energy_saving_percent": [
        23.182604625756305,
        23.19176919427253,
        22.955853243813714,
        23.013471156410937,
        23.060743270359787,
        23.096900487679246,
        23.604410949269003
      ]
    },
    {
      "num_vehicles": 200,
      "energy_saving_percent_mean": 23.428272269498056,
      "energy_saving_percent_std": 0.15740152063769536,
      "per_seed_energy_saving_percent": [
        23.52335346415149,
        23.430514871493205,
        23.43228164537498,
        23.577961895704718,
        23.099798550094075,
        23.34237060223201,
        23.59162485743591
      ]
    }
  ]
}