{
  "seeds": [
    42,
    123,
    456,
    789,
    1011
  ],
  "scenarios": [
    {
      "scenario_key": "clear_weather",
      "scenario_label": "Clear weather",
      "energy_saving_percent_mean": 17.37956630834277,
      "energy_saving_percent_std": 0.8029709371187917,
      "per_seed_energy_saving_percent": [
        17.888869364246393,
        17.542256929653217,
        17.186343993809096,
        15.959924740218515,
        18.320436513786625
      ],
      "seeds": [
        42,
        123,
        456,
        789,
        1011
      ],
      "overrides": {
        "weather_profile": "clear",
        "shadowing_std_db": 6.0,
        "num_base_stations": 9,
        "area_size": 2800,
        "bs_coverage_radius": 650
      }
    },
    {
      "scenario_key": "heavy_rain",
      "scenario_label": "Heavy rain",
      "energy_saving_percent_mean": 48.764832952013684,
      "energy_saving_percent_std": 0.24607728831136766,
      "per_seed_energy_saving_percent": [
        48.86080469328686,
        48.44574679898418,
        48.875995815231974,
        48.526598041427214,
        49.11501941113821
      ],
      "seeds": [
        42,
        123,
        456,
        789,
        1011
      ],
      "overrides": {
        "weather_profile": "heavy_rain",
        "shadowing_std_db": 15.0,
        "num_base_stations": 9,
        "area_size": 2800,
        "bs_coverage_radius": 650
      }
    },
    {
      "scenario_key": "urban_dense",
      "scenario_label": "Urban dense",
      "energy_saving_percent_mean": 31.352739592596055,
      "energy_saving_percent_std": 0.7654072201699094,
      "per_seed_energy_saving_percent": [
        31.227738190797975,
        30.5100569897432,
        31.171112970050096,
        31.058471418501977,
        32.79631839388703
      ],
      "seeds": [
        42,
        123,
        456,
        789,
        1011
      ],
      "overrides": {
        "weather_profile": "clear",
        "shadowing_std_db": 18.0,
        "num_base_stations": 16,
        "area_size": 2200,
        "bs_coverage_radius": 220.0
      }
    }
  ],
  "claim": "Energy-aware algorithm maintains positive energy saving in all tested scenarios."
}